DOLNOŚLĄSKIE;DsBogatMob;DsBogatFrancMOB;Bogatynia Mobil;Bogatynia; Francuska 1
DOLNOŚLĄSKIE;DsCzer02;DsCzerStraza;Czerniawa;Czerniawa; Strażacka
DOLNOŚLĄSKIE;DsDzia01;DsDzialoszyn;Działoszyn;Działoszyn; Piłsudskiego 18
DOLNOŚLĄSKIE;DsDzierPilsA;DsDziePilsud;Dzierżoniów - Piłsudskiego;Dzierżoniów; Piłsudskiego
DOLNOŚLĄSKIE;DsGlogWita;DsGlogWiStwo;Głogów - Wita Stwosza;Głogów; Wita Stwosza
DOLNOŚLĄSKIE;DsJeleniaGoraA;DsJelGorOgin;Jelenia Góra - Ogińskiego;Jelenia Góra; Ogińskiego 6
DOLNOŚLĄSKIE;DsJeleniaGoraPM;DsJelGorSoko;Jelenia Góra - Sokoliki;Jelenia Góra; Sokoliki 6
DOLNOŚLĄSKIE;DsKlodzkoA;DsKlodzSzkol;Kłodzko - Szkolna;Kłodzko; Szkolna 8
DOLNOŚLĄSKIE;DsLegRzeczA;DsLegAlRzecz;Legnica - Rzeczypospolitej;Legnica;al. Rzeczypospolitej 10
DOLNOŚLĄSKIE;DsNRudaSrebP;DsNowRudSreb;Nowa Ruda - Srebrna;Nowa Ruda; Srebrna 1a
DOLNOŚLĄSKIE;DsOlawaSemi;DsOlawZolnAK;Oława - Żołnierzy AK;Oława; Żołnierzy AK 9
DOLNOŚLĄSKIE;DsOlesnicaPM;DsOlesBrzozo;Oleśnica - Brzozowa;Oleśnica; Brzozowa 7
DOLNOŚLĄSKIE;DsPolkKasz;DsPolKasztan;Polkowice - Kasztanowa;Polkowice; Kasztanowa
DOLNOŚLĄSKIE;DsSniezka;DsSniezkaObs;Śnieżka;Śnieżka
DOLNOŚLĄSKIE;DsSwidMob;DsSwidnMarciMOB;Świdnica - Marcinkowskiego;Świdnica; Karola Marcinkowskiego 4-6
DOLNOŚLĄSKIE;DsSwidRynek;DsSwidnRynek;Świdnica - Rynek;Świdnica; Rynek 43
DOLNOŚLĄSKIE;DsSzczDZPM;DsSzczaKolej;Szczawno-Zdrój - Kolejowa;Szczawno-Zdrój; Kolejowa 14
DOLNOŚLĄSKIE;DsWalbWysA;DsWalbrzWyso;Wałbrzych - Wysockiego;Wałbrzych; Wysockiego 11
DOLNOŚLĄSKIE;DsWrocWisA;DsWrocAlWisn;Wrocław - Wiśniowa;Wrocław;al. Wiśniowa
DOLNOŚLĄSKIE;DsWrocBartA;DsWrocBartni;Wrocław - Bartnicza;Wrocław; Bartnicza
DOLNOŚLĄSKIE;DsWrocGrobla;DsWrocNaGrob;Wrocław - Na Grobli;Wrocław; Na Grobli
DOLNOŚLĄSKIE;DsWrocOrzech;DsWrocOrzech;Wrocław - Orzechowa;Wrocław; Orzechowa 61
DOLNOŚLĄSKIE;DsWrocKorzA;DsWrocWybCon;Wrocław - Korzeniowskiego;Wrocław; Wyb. J.Conrada-Korzeniowskiego
DOLNOŚLĄSKIE;DsZabkowSemi;DsZabkPowWar;Ząbkowice Śląskie;Ząbkowice Śląskie; Powstańców Warszawy 5
DOLNOŚLĄSKIE;DsZgorzBohA;DsZgorBohGet;Zgorzelec - Bohaterów Getta;Zgorzelec; Bohaterów Getta
DOLNOŚLĄSKIE;DsZlotoryjaPM;DsZlotoStasz;Złotoryja - Staszica;Złotoryja; Stanisława Staszica 22
KUJAWSKO-POMORSKIE;KpBrodnicaKochanowskiego;KpBrodKochan;Brodnica, Kochanowskiego;Brodnica; Kochanowskiego
KUJAWSKO-POMORSKIE;KpBydgBerlinga;KpBydBerling;Bydgoszcz,  Berlinga;Bydgoszcz; Berlinga 13
KUJAWSKO-POMORSKIE;KpBydgPlPozn;KpBydPlPozna;Bydgoszcz Plac Poznański;Bydgoszcz; Poznański
KUJAWSKO-POMORSKIE;KpBydgWarszawska;KpBydWarszaw;Warszawska;Bydgoszcz; Warszawska 10
KUJAWSKO-POMORSKIE;KpCiechoTezniowa;KpCiechTezni;Ciechocinek;Ciechocinek; Tężniowa - Park Zdrojowy
KUJAWSKO-POMORSKIE;KpAirpGrudz;KpGrudPilsud;Grudziądz Airpointer;Grudziądz; Piłsudskiego 51
KUJAWSKO-POMORSKIE;KpGrudzStar;KpGrudSienki;Grudziądz Starówka;Grudziądz; Sienkiewicza 27
KUJAWSKO-POMORSKIE;KpAirpInowr;KpInowSolank;Inowrocław Airpointer;Inowrocław; Solankowa
KUJAWSKO-POMORSKIE;KpNakloPiotraSkargi;KpNaklSkargi;Nakło Piotra Skargi;Nakło nad Notecią; Piotra Skargi
KUJAWSKO-POMORSKIE;KpTorunDziewk;KpToruDziewu;Toruń POLICJA;Toruń; Dziewkiego 1
KUJAWSKO-POMORSKIE;KpTorunKaszownik;KpToruKaszow;Toruń, KASZOWNIK;Toruń; Przy Kaszowniku
KUJAWSKO-POMORSKIE;KpAirpTorunIMGW;KpToruStorczMOB;Toruń, Storczykowa;Toruń; Storczykowa 124
KUJAWSKO-POMORSKIE;KpTorunRubITALTEL;KpToruSzLubi;Toruń, RUBINKOWO - ITALTEL;Toruń; Szosa Lubicka
KUJAWSKO-POMORSKIE;KpAirpTorun;KpToruWSikor;Toruń Airpointer;Toruń; Wały Gen. Sikorskiego 12
KUJAWSKO-POMORSKIE;KpAirpWieniec;KpWieniecZdrMOB;Wieniec Zdrój,  Brzozowa;Wieniec Zdrój; Brzozowa
KUJAWSKO-POMORSKIE;KpAirpWiktorowo;KpWiktorowoG;Lafarge- Airpointer;Wiktorowo;Wiktorowo 22
KUJAWSKO-POMORSKIE;KpAirpWlocWod;KpWloclChelmMOB;Airpointer Włocławek;Włocławek; Chełmicka
KUJAWSKO-POMORSKIE;KpWloclOkrzei;KpWloclOkrze;Włocławek OKRZEI;Włocławek; Okrzei
KUJAWSKO-POMORSKIE;KpWloclSielska;KpWloclSiels;Włocławek Sielska DMD;Włocławek; Sielska 3
KUJAWSKO-POMORSKIE;KpZielBoryTuch;KpZielBoryTu;Bory Tucholskie;Zielonka; Prymasa Stefana Wyszyńskiego
KUJAWSKO-POMORSKIE;KpZninPotockiego;KpZninPotock;Żnin Starostwo Potockiego;Żnin; Potockiego 1
LUBELSKIE;LbBialaPOrzechowa;LbBiaPodOrze;WIOŚ-DBP-Orzechowa;Biała Podlaska; Orzechowa
LUBELSKIE;LbChelmJagWIOS;LbChelJagiel;Chełm  Jagiellońska;Chełm; Jagiellońska 64
LUBELSKIE;LbJarczew;LbJarczWolaM;IMGW-Jarczew;Jarczew; Jarczew
LUBELSKIE;LbKrasnikKoszarowa;LbKrasKoszar;Kraśnik  Koszarowa 10A;Kraśnik; Koszarowa 10A
LUBELSKIE;LbLublinWIOS;LbLubObywate;Lublin  Obywatelska;Lublin; Obywatelska 13
LUBELSKIE;LbLublin_Sliwins_5;LbLubSliwins;Lublin  Śliwińskiego 5;Lublin; Śliwińskiego 5
LUBELSKIE;LbPwyKarp;LbPKarpin;;Puławy; Karpińskiego 5
LUBELSKIE;LbPwySkowieszynska;LbPSkowie;Puławy  Skowieszyńska;Puławy; Skowieszyńska 51
LUBELSKIE;LbRadzyPSitkowskiego;LbRadzPodSit;WIOŚ-RadzyńP-Sitkowskiego;Radzyń Podlaski; Sitkowskiego 1b
LUBELSKIE;LbWilczopole;LbWilczopole;Lublin-Podmiejska;Wilczopole; Różana 1;
LUBELSKIE;LbZamoscHrubieszowsk;LbZamoHrubie;Zamość  Hrubieszowska 69A;Zamość; Hrubieszowska 69A
ŁÓDZKIE;LdBrzeziWIOSMReforma;LdBrzeReform;Brzeziny-Reformacka1;Brzeziny; Reformacka 1
ŁÓDZKIE;LdGajewWIOSAGajew;LdGajewUjWod;Gajew;Gajew;Ujęcie wody
ŁÓDZKIE;LdKutnoWIOSMKoscius;LdKutnKosciu;Kutno-Kościuszki 26;Kutno; Kościuszki 26
ŁÓDZKIE;LdLodzPalki;LdLodzAlPalk;Łódź-Al.Palki;Łódź; Palki
ŁÓDZKIE;LdLodzWIOSACzernik;LdLodzCzerni;Łódź-Widzew;Łódź; Czernika 1
ŁÓDZKIE;LdLodzWIOSAGdanska;LdLodzGdansk;Łódź-Gdańska 16;Łódź; Gdańska 16
ŁÓDZKIE;LdLodzWIOSAKilinsk;LdLodzKilins;Łódź-Kilińskiego 102;Łódź; Kilińskiego 102
ŁÓDZKIE;LdLodzWSSEMLegiono;LdLodzLegion;Łódź-Legionów 1;Łódź; Legionów 1
ŁÓDZKIE;LdLodzWIOSALipowa;LdLodzLipowa;Łódź-Lipowa;Łódź; Lipowa 81
ŁÓDZKIE;LdLodzWSSEMRudzka;LdLodzRudzka;Łódź-Rudzka60;Łódź; Rudzka 60
ŁÓDZKIE;LdLodzWIOSAZachodn;LdLodzZachod;Łódź-Zachodnia 40;Łódź; Zachodnia 40
ŁÓDZKIE;LdLowSienkie;LdLowiczSien;Łowicz-Henryka Sienkiewicza 62;Łowicz; Henryka Sienkiewicza 62
ŁÓDZKIE;LdOpocznWIOSMPlKosci;LdOpocPlKosc;Opoczno-Pl Kościuszki 15;Opoczno; Kościuszki 15
ŁÓDZKIE;LdPabianWIOSMKilinsk;LdPabiKilins;Pabianice-Kilińskiego 4;Pabianice; Kilińskiego 4
ŁÓDZKIE;LdPabianWIOSAKonstan;LdPabiKonsta;Pabianice-Polfa;Pabianice; Konstantynowska
ŁÓDZKIE;LdParzniWIOSAParznie;LdParzniUjWo;Parzniewice;Parzniewice;Ujęcie wody
ŁÓDZKIE;LdPiotrkWIOSAKrakPrz;LdPioTrKraPr;Piotrków Tryb.-Krakowskie Przedmieście;Piotrków Trybunalski; Krakowskie Przedmieście 13
ŁÓDZKIE;LdPiotrkWIOSMSienkie;LdPioTrSienk;PiotrkówTryb.-Sienkiewicza 16;Piotrków Trybunalski; Sienkiewicza 16
ŁÓDZKIE;LdRadomsWIOSMRolna2;LdRadomsRoln;Radomsko-Rolna2;Radomsko; Rolna 2
ŁÓDZKIE;LdRadomsWIOSASokola4;LdRadomsSoko;Radomsko-Sokola4;Radomsko; Sokola 4
ŁÓDZKIE;LdRawaMaWIOSMNiepodl;LdRawaNiepod;Rawa Mazowiecka-Niepodległości 8;Rawa Mazowiecka; Niepodległości 8
ŁÓDZKIE;LdSieradWSSEMGrunwal;LdSierGrunwa;Sieradz-Grunwaldzka 28;Sieradz; Grunwaldzka 28
ŁÓDZKIE;LdSkiernWIOSMKonopni;LdSkierKonop;Skierniewice-Marii Konopnickiej 5;Skierniewice; Marii Konopnickiej 5
ŁÓDZKIE;LdTomaszWIOSMSwAnton;LdToMaSwAnto;TomaszówMaz.-Św. Antoniego43;Tomaszów Mazowiecki; Św. Antoniego 43
ŁÓDZKIE;LdWielunWIOSMPOW;LdWieluPOW12;Wieluń-POW 12;Wieluń; P.O.W. 12
ŁÓDZKIE;LdZdWolaWIOSMKrolews;LdZduWoKrole;ZduńskaWola-Królewska10;Zduńska Wola; Królewska 10
ŁÓDZKIE;LdZgierzWIOSAMielcza;LdZgieMielcz;Zgierz-Śródmieście;Zgierz; Mielczarskiego 1
LUBUSKIE;LuGorzowWIOS_AUT;LuGorzKosGdy;Gorzów Wlkp.  Kosynierów Gdyńskich;Gorzów Wielkopolski; Kosynierów Gdyńskich
LUBUSKIE;LuGorzowWIOS_MAN;LuGorzPilsud;Gorzów Wlkp.  Piłsudskiego;Gorzów Wielkopolski; Piłsudskiego
LUBUSKIE;LuWschowWIOS_AUT;LuWsKaziWiel;Wschowa  Kazimierza Wielkiego;Wschowa; Kazimierza Wielkiego
LUBUSKIE;LuZaryWIOS_AUT;LuZarySzyman;Żary,  Szymanowskiego 8;Żary; Szymanowskiego 8
LUBUSKIE;LuZgoraWIOS_AUT;LuZielKrotka;Zielona Góra  Krótka;Zielona Góra; Krótka
MAŁOPOLSKIE;MpBochniWIOSKBar0106;MpBochKonfed;Bochnia,  Konfederatów Barskich;Bochnia; Konfederatów Barskich
MAŁOPOLSKIE;MpBukownWIOSKole1206;MpBukowKolejMOB;Bukowno;Bukowno; Kolejowa
MAŁOPOLSKIE;MpGorlicWIOSKras0511;MpGorlKrasin;Gorlice,  Krasińskiego;Gorlice; Krasińskiego
MAŁOPOLSKIE;MpKetyWIOSWysp1304;MpKetyWyspiaMOB;Kęty,  Wyspiańskiego;Kęty; Wyspiańskiego
MAŁOPOLSKIE;MpKrakowWIOSAKra6117;MpKrakAlKras;Kraków, Aleja Krasińskiego;Kraków;al. Krasińskiego
MAŁOPOLSKIE;MpKrakowWIOSBuja6119;MpKrakBujaka;Kraków,  Bujaka;Kraków; Bujaka
MAŁOPOLSKIE;MpKrakowWIOSB6118;MpKrakBar;Kraków,  Barowa;Kraków; Barowa
MAŁOPOLSKIE;MpLimanoWIOSMBBo0706;MpLimanoBoleMOB;Limanowa,  Matki Bożej Bolesnej;Limanowa; Matki Bożej Bolesnej
MAŁOPOLSKIE;MpMyslenWIOSRyne0907;MpMysleRynekMOB;Myślenice, Rynek;Myślenice;Rynek
MAŁOPOLSKIE;MpWielicWIOSNiep1904;MpNiepo3Maja;Niepołomice,  3 Maja;Niepołomice; 3 Maja
MAŁOPOLSKIE;MpNSaczWIOSNadb6205;MpNoSaczNadb;Nowy Sącz,  Nadbrzeżna;Nowy Sącz; Nadbrzeżna
MAŁOPOLSKIE;MpOlkuszWIOSN1205;MpOlkuFrN;Olkusz,  Francesco No;Olkusz; Francesco No
MAŁOPOLSKIE;MpSkawinWIOSOsie0606;MpSkawOsOgro;Skawina, os. Ogrody;Skawina;os. Ogrody
MAŁOPOLSKIE;MpSlomniWIOSWoln0611;MpSlomWolnosMOB;Słomniki,  Wolności;Słomniki; Wolności
MAŁOPOLSKIE;MpSuchaBWIOSSemi1513;MpSuchSemika;Sucha Beskidzka,  Semika;Sucha Beskidzka; Semika
MAŁOPOLSKIE;MpSzarowWIOS1909;MpSzarowSpok;Szarów,  Spokojna;Szarów; Spokojna
MAŁOPOLSKIE;MpSzczawWIOSSzal1116;MpSzczawJanaMOB;Szczawnica,  Jana Wiktora;Szczawnica; Jana Wiktora
MAŁOPOLSKIE;MpSzymbaWIOS0507;MpSzymbaGorl;Szymbark;Szymbark;gm. Gorlice
MAŁOPOLSKIE;MpTarnowWIOSBitw6304;MpTarBitStud;Tarnów,  Bitwy pod Studziankami;Tarnów; Bitwy pod Studziankami
MAŁOPOLSKIE;MpTrzebiWIOSZWM0305;MpTrzebOsZWM;Trzebinia, os. Związku Walki Młodych;Trzebinia;os. Związku Walki Młodych
MAŁOPOLSKIE;MpTuchowWIOSSzop1602;MpTuchChopin;Tuchów,  Chopina;Tuchów; Chopina
MAŁOPOLSKIE;MpZakopaWIOSRown1701;MpZakopaSien;Zakopane,  Sienkiewicza;Zakopane; Sienkiewicza
MAZOWIECKIE;MzBelskIGFPAN;MzBelsIGFPAN;Belsk-IGFPAN;Belsk Duży;Osiedle PAN 1
MAZOWIECKIE;MzGranicaKPN;MzGranicaKPN;Granica-KPN;Granica; Kampinoski Park Narodowy
MAZOWIECKIE;MzLegionZegIMGW;MzLegZegrzyn;Legionowo-Zegrzyńska;Legionowo; Zegrzyńska 38
MAZOWIECKIE;MzMlawaOrdona;MzMlawOrdona;Mława-Ordona;Mława; Ordona 14
MAZOWIECKIE;MzOstrolHallera;MzOstroHalle;Ostrołęka-Hallera;Ostrołęka;gen. J. Hallera 12
MAZOWIECKIE;MzOtwockBrzoz;MzOtwoBrzozo;Otwock-Brzozowa;Otwock; Brzozowa 2
MAZOWIECKIE;MzPiastowPsk;MzPiasPsk;Piastów-Pułaskiego;Piastów; Pułaskiego 6
MAZOWIECKIE;MzPlockPKN;MzPlocKroJad;Płock-Gimnazjum;Płock; Królowej Jadwigi 4
MAZOWIECKIE;MzPlockReja;MzPlocMiReja;Płock-Reja;Płock; Reja 28
MAZOWIECKIE;MzRadomCz;MzRad25Czerw;Radom-Czerwca;Radom; 25 Czerwca 1976
MAZOWIECKIE;MzRadomHallera;MzRadHallera;Radom-Hallera;Radom; Hallera
MAZOWIECKIE;MzRadomTochter;MzRadTochter;Radom-Tochtermana;Radom; Tochtermana 1
MAZOWIECKIE;MzSiedlceKonar;MzSiedKonars;Siedlce-Konarskiego;Siedlce; Konarskiego 11
MAZOWIECKIE;MzWarszAKrzywon;MzWarAKrzywo;Warszawa-Anieli Krzywoń;Warszawa; Anieli Krzywoń
MAZOWIECKIE;MzWarNiepodKom;MzWarAlNiepo;Warszawa-Komunikacyjna;Warszawa;al. Niepodległości 227
MAZOWIECKIE;MzWarTarKondra;MzWarKondrat;Warszawa-Targówek;Warszawa; Kondratowicza 8
MAZOWIECKIE;MzWarszMarsz;MzWarMarszal;Warszawa-Marszałkowska;Warszawa; Marszałkowska 68
MAZOWIECKIE;MzWarPodIMGW;MzWarPodlesn;Warszawa-Podleśna;Warszawa; Podleśna 61
MAZOWIECKIE;MzWarszPorajow;MzWarPorajow;Warszawa-Porajów;Warszawa; Porajów 3
MAZOWIECKIE;MzWarszPuszSolska;MzWarPuszSol;Warszawa-Puszczy Solskiej;Warszawa; Puszczy Solskiej 5
MAZOWIECKIE;MzWarszBielany;MzWarTolstoj;Warszawa-Tołstoja;Warszawa; Tołstoja 2
MAZOWIECKIE;MzWarszUrsynow;MzWarWokalna;Warszawa-Ursynów;Warszawa; Wokalna 1
MAZOWIECKIE;MzZyrardRoosevel;MzZyraRoosev;Żyrardów-Roosevelta;Żyrardów; Roosevelta 2
OPOLSKIE;OpGlub1pyl;OpGlubKochan;Głubczyce manualna 1;Głubczyce; Kochanowskiego 23
OPOLSKIE;OpKkozle1a;OpKKozBSmial;K-Koźle automat 1;Kędzierzyn-Koźle; Bolesława Śmiałego 5
OPOLSKIE;OpKlucz2pyl;OpKluczMicki;Kluczbork manualna 2;Kluczbork; Mickiewicza 10
OPOLSKIE;OpNysa3pyl;OpNysaRodzie;Nysa manualna 3;Nysa; Rodziewiczówny 1
OPOLSKIE;OpOlesno4a;OpOlesSlowac;Olesno automat 4;Olesno; Słowackiego
OPOLSKIE;OpOpole3a;OpOpoleMinor;Opole automat 3;Opole; Minorytów
OPOLSKIE;OpOpole4pyl;OpOpoleOsAKr;Opole manualna 4;Opole;os. Armii Krajowej
OPOLSKIE;OpZdze2a;OpZdziePiast;Zdzieszowice automat 2;Zdzieszowice; Piastów 6
PODLASKIE;PdBialyPodmiejska;PdBialPie;Białystok-Podmiejska;Białystok; 42 Pułku Piechoty
PODLASKIE;PdBialyWarszawska;PdBialWarsza;Białystok-Warszawska;Białystok; Warszawska 75 A
PODLASKIE;PdBialyMiejska;PdBialWaszyn;Białystok-Miejska;Białystok; Waszyngtona 16
PODLASKIE;PdBorsuWiejska;PdBorsukowiz;Borsukowizna-Wiejska;Borsukowizna; Borsukowizna 1;
PODLASKIE;PdLomzaSikorskiego;PdLomSikorsk;Lomza Sikorskiego 48;Łomża; Sikorskiego 48
PODLASKIE;PdSuwPski;PdSuwPski;Suwałki,  Pułaskiego 73;Suwałki; Pułaskiego
PODKARPACKIE;PkDebicaWIOSGrottgera;PkDebiGrottg;Dębica-Grottgera-WIOS;Dębica;Grottgera 3
PODKARPACKIE;PkJarosWIOSPWSTE;PkJarosPruch;Jarosław-PWSTE-WIOS;Jarosław; Pruchnicka
PODKARPACKIE;PkJasloWIOSSikorskiego;PkJasloSikor;Jaslo-Sikorskiego-WIOS;Jasło; Sikorskiego
PODKARPACKIE;PkKrempnaWIOSMPN;PkKrempnaMPN;Krempna-MPN-WIOS;Krempna; Krepna 38
PODKARPACKIE;PkKrosnoWIOSKletowki;PkKrosKletow;Krosno-Kletówki;Krosno; Kletówki
PODKARPACKIE;PkMielecWIOSSolskiego;PkMielSolski;Mielec-MOSIR-WIOS;Mielec; Solskiego
PODKARPACKIE;PkMielWIOSZarzStr;PkMielZaStre;Mielec - Zarząd Strefy;Mielec; Zarząd Strefy
PODKARPACKIE;PkNiskoWIOSSzklar;PkNiskoSzkla;Nisko-Szklarniowa-WIOS;Nisko; Szklarniowa
PODKARPACKIE;PkPrzemyslWIOSGrunw;PkPrzemGrunw;Przemysl-Grunwaldzka-WIOS;Przemyśl; Grunwaldzka
PODKARPACKIE;PkRzeszWIOSNoweMiasto;PkRzeszRejta;Rzeszów-Nowe Miasto;Rzeszów; Rejtana
PODKARPACKIE;PkSanokWIOSSadowa;PkSanoSadowa;Sanok-Sadowa-WIOS;Sanok; Sadowa
PODKARPACKIE;PkTarnobWIOSDabrow;PkTarnDabrow;Tarnobrzeg-M.Dabrowskiej-WIOS;Tarnobrzeg; Marii Dąbrowskiej
POMORSKIE;Pm.D;PmGac;WIOŚ Gać - Słowiński Park Narodowy;Smołdzino; Bohaterów Warszawy 1A
POMORSKIE;Pm.00.s481m;PmGdaGleboka;WIOŚ Gdańsk - Głęboka;Gdańsk; Głęboka 11
POMORSKIE;Pm.a02a;PmGdaKacze02;AM2 Gdańsk Stogi;Gdańsk; Kaczeńce
POMORSKIE;Pm.aw08m;PmGdaLecz08m;WIOŚ Gdańsk - Leczkowa;Gdańsk; Leczkowa
POMORSKIE;Pm.a08a;PmGdaLeczk08;AM8 Gdańsk Wrzeszcz;Gdańsk; Leczkowa
POMORSKIE;Pm.a05a;PmGdaOstrz05;AM5 Gdańsk Szadółki;Gdańsk; Ostrzycka
POMORSKIE;Pm.a01a;PmGdaPoWie01;AM1 Gdańsk Śródmieście;Gdańsk; Powstańców Warszawskich
POMORSKIE;Pm.01w.02m;PmGdaPowWiel;Zaspa;Gdańsk; Powstańców Wielkopolskich
POMORSKIE;Pm.a03a;PmGdaWyzwo03;AM3 Gdańsk Nowy Port;Gdańsk; Wyzwolenia
POMORSKIE;Pm.00.w237m;PmGdyJozBema;WIOŚ Gdynia - Bema;Gdynia; Bema
POMORSKIE;Pm.a04a;PmGdyPoreb04;AM4 Gdynia Pogórze;Gdynia; Porębskiego
POMORSKIE;Pm.a09aN;PmGdySzaf09N;AM9 Gdynia Dąbrowa;Gdynia; Szafranowa
POMORSKIE;Pm.a10a;PmGdyWendy10;AM10 Gdynia Śródmieście;Gdynia; Wendy
POMORSKIE;Pm05KARTw01m;PmKartWejher;WIOŚ Kartuzy;Kartuzy; Wejhera
POMORSKIE;Pm.AM12.a;PmKosTargo12;AM12 Kościerzyna Targowa;Kościerzyna; Targowa
POMORSKIE;Pm.Kwidz.Sport.m;PmKwiSportow;WIOŚ Kwidzyn - Sportowa;Kwidzyn; Sportowa
POMORSKIE;Pm08LEBAiEMEPa;PmLebaRabkaE;IMGW Łeba - Rąbka;Łeba; Paderewskiego 13
POMORSKIE;Pm.AM16.a;PmLebMalcz16;AM16 Lębork Malczewskiego;Lębork; Malczewskiego
POMORSKIE;Pm.AM15.a;PmMalMicki15;AM15 Malbork Mickiewicza;Malbork; Mickiewicza
POMORSKIE;Pm.63.wDSAa;PmSlupKniazi;AM11 Słupsk Kniaziewicza;Słupsk; Kniaziewicza 30
POMORSKIE;Pm.63.wDSPm;PmSlupOrzesz;WIOŚ Słupsk Orzeszkowej;Słupsk; Orzeszkowej
POMORSKIE;Pm.a06a;PmSopBitPl06;AM6 Sopot;Sopot; Bitwy pod Płowcami
POMORSKIE;Pm.polpharma.01.a;PmStaGdaLubi;POLPHARMA Starogard Gdański - Lubichowska;Starogard Gdański; Lubichowska
POMORSKIE;Pm.a07a;PmTczeTarg07;AM7 Tczew;Tczew; Targowa
POMORSKIE;Pm.15.s129m;PmWejhPlWejh;WIOŚ Wejherowo - Jakuba Wejhera;Wejherowo; Jakuba Wejhera 8
POMORSKIE;Pm11WLADw07m;PmWladywHallera;WIOŚ Władysławowo - Hallera;Władysławowo; Hallera
ŚWIĘTOKRZYSKIE;SkBuskoWios2;SkBuskRokosz;WIOŚ, Busko zdrój,  Rokosza;Busko-Zdrój; Rokosza 1
ŚWIĘTOKRZYSKIE;SkKielJagielWios;SkKielJagiel;WIOS Kielce,  Jagiellońska;Kielce; Jagiellońska 68
ŚWIĘTOKRZYSKIE;SkKielKusoc;SkKielKusoci;WIOŚ Kielce,  Kusocińskiego;Kielce; Kusocińskiego 51
ŚWIĘTOKRZYSKIE;SkMalogCemen3;SkMalo11List;Małogoszcz,  11 Listopada;Małogoszcz; 11 Listopada
ŚWIĘTOKRZYSKIE;SkNowinyCemen2;SkNowiParkow;Nowiny,  Parkowa;Nowiny; Parkowa
ŚWIĘTOKRZYSKIE;SkOzarowOsWz52;SkOzarOsWzgo;Ożarów Os. Wzgórze 52;Ożarów;os. Wzgórze 52
ŚWIĘTOKRZYSKIE;SkPolanRuszcz;SkPolaRuszcz;Połaniec,  Ruszczańska;Połaniec; Ruszczańska 23
ŚWIĘTOKRZYSKIE;SkStaracZlota2;SkStaraZlota;WIOŚ, Starachowice,  Złota;Starachowice; Złota
ŚWIĘTOKRZYSKIE;SkPolanTrzc;SkTrzciOsiek;Trzcianka;Trzcianka;Trzcianka 7
ŚLĄSKIE;SlBielbBiel_kossa;SlBielKossak;Bielsko B._kossak-WIOŚ;Bielsko-Biała; Kossak-Szczuckiej
ŚLĄSKIE;SlBielbBiel_stern;SlBielSterni;Bielsko-Biała_sternicza;Bielsko-Biała; Sternicza 4
ŚLĄSKIE;SlCieszCies_13mic;SlCiesMickie;Cieszyn_mickiewi13-WIOŚ;Cieszyn; Mickiewicza 13
ŚLĄSKIE;SlCzerKopaln;SlCzerKopaln;Czerwionka Leszczyny Kopalniana;Czerwionka-Leszczyny; Kopalniana
ŚLĄSKIE;SlCzestCzes_arkr1;SlCzestoArmK;Częstochowa_armiikrajowej - WIOŚ;Częstochowa; Armii Krajowej 2
ŚLĄSKIE;SlCzestCzes_baczy;SlCzestoBacz;Częstochowa_bacz-WIOŚ;Częstochowa; Baczyńskiego 2
ŚLĄSKIE;SlCzestCzes_zana6;SlCzestoZana;Czestochowa_zana-WIOŚ;Częstochowa; Zana 6
ŚLĄSKIE;SlDabroDabr_1000L;SlDabro1000L;DąbGór._1000-lecia-WIOŚ;Dąbrowa Górnicza; 1000-lecia 25 a
ŚLĄSKIE;SlGliwiGliw_mewy;SlGliwicMewy;Gliwice_mewy-WIOŚ;Gliwice; Mewy 34
ŚLĄSKIE;SlGodowWodz_wodzi;SlGodGliniki;Godów manualny - WIOŚ;Godów; Gliniki
ŚLĄSKIE;SlKatowKato_kossu;SlKatoKossut;Katowice_kossu-WIOŚ;Katowice; Kossutha 6
ŚLĄSKIE;SlKatowKato_aleja;SlKatoPlebA4;Katowice_komunikacyjna-WIOŚ;Katowice;al. Górnośląska
ŚLĄSKIE;SlKnuroKnu1_gliwi;SlKnurJedNar;Knurów _jedności narod. - WIOŚ;Knurów; Jedności Narodowej 5
ŚLĄSKIE;SlLubliLubl_piask;SlLublPiasko;Lubliniec_piaskowa;Lubliniec; Piaskowa 56
ŚLĄSKIE;SlMyszkMysz_myszk;SlMyszMiedzi;Myszków_miedziana;Myszków; Miedziana 3
ŚLĄSKIE;SlPszczPszc_boged;SlPszczBoged;Pszczyna_bogedaina- WIOŚ;Pszczyna; Bogedaina
ŚLĄSKIE;SlRybniRybn_borki;SlRybniBorki;Rybnik_borki-WIOŚ;Rybnik; Borki 37 d
ŚLĄSKIE;SlSosnoSosn_lubel;SlSosnoLubel;Sosnowiec_lubelska -WIOŚ;Sosnowiec; Lubelska 51
ŚLĄSKIE;SlTarnoTarn_litew;SlTarnoLitew;Tarnowskie Góry_litewska-WIOŚ;Tarnowskie Góry; Litewska
ŚLĄSKIE;SlTychyTych_tolst;SlTychyTolst;Tychy_tołstoja-WIOŚ;Tychy; Tołstoja 1
ŚLĄSKIE;SlUstroCies_sana7;SlUstronSana;Ustroń_sanatoryjna 7;Ustroń; Sanatoryjna 7
ŚLĄSKIE;SlWodziWodz_galcz;SlWodzGalczy;Wodzisław_Gałczyńskiego-WIOŚ;Wodzisław Śląski; Gałczyńskiego 1
ŚLĄSKIE;SlZabrzZabr_sklod;SlZabSkloCur;Zabrze_skłod-WIOŚ;Zabrze; M. Skłodowskiej-Curie 34
ŚLĄSKIE;SlZawieZawi_zawie;SlZawSkloCur;Zawiercie_skłod-curie- WIOŚ;Zawiercie; Skłodowskiej-Curie 16
ŚLĄSKIE;SlZlotyJano_lesni;SlZlotPotLes;Złoty Potok gm. Janów (automat);Złoty Potok; Leśniczówka Kamienna Góra
ŚLĄSKIE;SlZoryzZory_sikor;SlZorySikors;Żory_os.Sikorskiego-WIOŚ;Żory; Sikorskiego 52
ŚLĄSKIE;SlZywieZywi_koper;SlZywieKoper;Żywiec_kopernika-WIOŚ;Żywiec; Kopernika 84
ŚLĄSKIE;SlZywieZywi_slowa;SlZywieSlowa;Żywiec-słowackiego-WIOŚ;Żywiec; Słowackiego 2
WARMIŃSKO-MAZURSKIE;WmElblagWIOS_Bazynsk;WmElbBazynsk;WIOŚ Elbląg  Bażyńskiego;Elbląg; Bażyńskiego 6
WARMIŃSKO-MAZURSKIE;WmGoldapWIOS_Jacwies;WmGoldJacwie;WIOŚ Gołdap  Jaćwieska;Gołdap; Jaćwieska 15
WARMIŃSKO-MAZURSKIE;WmIlawaAnd;WmIlawAnders;WIOŚ Iława Andersa;Iława;Andersa 8a
WARMIŃSKO-MAZURSKIE;WmMragowWIOS_Parkowa;WmMragParkow;WIOŚ Mrągowo  Parkowa;Mrągowo; Parkowa
WARMIŃSKO-MAZURSKIE;WmNidzicaWIOS_Traugut;WmNiTraugutt;WIOŚ Nidzica Traugutta;Nidzica; Traugutta
WARMIŃSKO-MAZURSKIE;WmOlsztyWIOS_Puszkin;WmOlsPuszkin;WIOŚ Olsztyn  Puszkina;Olsztyn; Puszkina 16
WARMIŃSKO-MAZURSKIE;WmOstrodWIOS_Chrobre;WmOstrChrobr;WIOŚ Ostróda  Chrobrego;Ostróda; Chrobrego 3
WARMIŃSKO-MAZURSKIE;WmPuszcz_IOS_Borecka;WmPuszczaBor;KMŚ Puszcza Borecka;;Diabla Góra
WIELKOPOLSKIE;WpWKP011/10;WpBoroDrapal;WKPBorowiec;Borówiec; Drapałka 4
WIELKOPOLSKIE;WpGnieznoPM10/11;WpGniePaczko;Gniezno,  Paczkowskiego;Gniezno; Paczkowskiego
WIELKOPOLSKIE;WpWKPKalisz007/10;WpKaliSawick;WKPKalisz;Kalisz; Hanki Sawickiej
WIELKOPOLSKIE;WpKonin311009D009102;WpKoniWyszyn;Konin,  Wyszyńskiego 3a;Konin; Wyszyńskiego 3
WIELKOPOLSKIE;WpLesznoPM10/11;WpLeszKiepur;WpLesznoPM10/11;Leszno; Kiepury
WIELKOPOLSKIE;WpNowyTomyslPM10/11;WpNoTomSzpit;WpNowyTomyslPM10/11;Nowy Tomyśl; Szpitalna
WIELKOPOLSKIE;WpOstrowWlkpPM10;WpOstWieWyso;Ostrow Wlkp.,  Wysocka 57;Ostrów Wielkopolski; Wysocka 57
WIELKOPOLSKIE;WpPila5710111;WpPilaKusoci;Pila,  Kusocinkiego;Piła; Kusocińskiego
WIELKOPOLSKIE;WpPleszewPM10/14;WpPleszAlMic;WpPleszew;Pleszew;al. Mickiewicza
WIELKOPOLSKIE;WpPoznanPOSIRPM10/11;WpPoznChwial;WpPoznanPOSIRPM10/11;Poznań; Chwiałkowskiego
WIELKOPOLSKIE;WpWKP002;WpPoznDabrow;WKPPoznan 2;Poznań; Dąbrowskiego 169
WIELKOPOLSKIE;WpWKP001;WpPoznPolank;WKPPoznan1;Poznań; Polanki
WIELKOPOLSKIE;WpPoznanSzymanowskiego17;WpPoznSzyman;Poznan,  Szymanowskiego 17;Poznań; Szymanowskiego 17
WIELKOPOLSKIE;WpTarnowoPodgornePM10/10;WpTarPodZach;WpTarnowoPodgornePM10/10;Tarnowo Podgórne; Zachodnia
WIELKOPOLSKIE;WpWagrowiecPM10/10;WpWagrowLipo;WpWagrowiecPM10/10;Wągrowiec; Kolejowa 2
ZACHODNIOPOMORSKIE;ZpKoszalin005;ZpKoszArKraj;Koszalin_ArmiiKrajowej;Koszalin; Armii Krajowej
ZACHODNIOPOMORSKIE;ZpKoszalin006;ZpKoszSpasow;Koszalin_Spasowskiego;Koszalin; Spasowskiego 2f
ZACHODNIOPOMORSKIE;ZpMysMysliborz007;ZpMyslZaBram;Myślibórz_ZaBramką;Myślibórz; Za Bramką 8
ZACHODNIOPOMORSKIE;ZpSzczecin001;ZpSzczAndr01;Szczecin_Andrzejewskiego;Szczecin; Andrzejewskiego 23
ZACHODNIOPOMORSKIE;ZpSzcSzczecinek008;ZpSzczec1Maj;Szczecinek_1Maja;Szczecinek; 1 Maja 22
ZACHODNIOPOMORSKIE;ZpSzcSzczecinek010;ZpSzczecPrze;Szczecinek_Przemysłowa;Szczecinek; Przemysłowa
ZACHODNIOPOMORSKIE;ZpSzczecin004;ZpSzczLacz04;Szczecin_Łączna;Szczecin; Łączna
ZACHODNIOPOMORSKIE;ZpSzczecin002;ZpSzczPils02;Szczecin_Piłsudskiego;Szczecin; Piłsudskiego 1
ZACHODNIOPOMORSKIE;ZpGryfWiduchowa003;ZpWiduByb;Widuchowa;Widuchowa; Bary Rybackie 1
